pk,validity_from,validity_to,3char_code,2char_code,name,alliance_code,alliance_status,type
air-ab-aviation-v1,2013-01-01,,AYD,Y6,AB Aviation,,,
air-abakan-avia-v2,2014-07-11,,ABG,RL,Royal Flight,,,
air-abc-aerolineas-v1,2005-12-01,2020-10-01,AIJ,4O,Interjet,,,
air-abx-air-v1,1980-01-01,,ABX,GB,ABX Air,,,
air-act-airlines-v2,2011-01-01,,RUN,9T,MyCargo Airlines,,,
air-advanced-air-v1,2026-01-22,,RLA,AN,Advanced Air,,,
air-aegean-airlines-v1,1999-05-28,,AEE,A3,Aegean Airlines,Star Alliance,Member,
air-aer-arann-v1,1970-01-01,,STK,RE,Stobart Air,,,
air-aer-lingus-v1,1936-05-27,,EIN,EI,Aer Lingus,,,
air-aero-calafia-v1,1993-01-01,,CFV,A7,Aéreo Calafia,,,
air-aero-caribbean-v1,,,CRN,7L,Aero Caribbean,,,
air-aero-k-v1,2021-04-15,,EOK,RF,Aero K,,,
air-aero-mongolia-v1,,,MNG,M0,Aero Mongolia,,,
air-aero-republica-v1,2010-10-06,,RPB,P5,Copa Airlines Colombia,,,
air-aero-transporte-atsa-v1,2014-01-01,,AMP,4A,Aero Transporte,,,
air-aero-v1,,,BLK,5E,Aero,,,
air-aero-vip-portugal-v1,2014-01-01,,RVP,WV,Aero VIP,,,
air-aero4m-v1,2015-01-01,2021-12-31,AEH,NL,Aero4M,,,
air-aeroenlaces-nacionales-v1,,2025-09-30,VIV,VB,Aeroenlaces Nacionales,,,
air-aeroflot-v1,1923-07-15,,AFL,SU,Aeroflot,Skyteam,Member,
air-aerogaviota-v1,,,GTV,KG,Aerogaviota,,,
air-aeroitalia-v1,2022-01-01,,AEZ,XZ,Aeroitalia,,,
air-aerolinea-principal-chile-v1,2018-11-01,,PCP,5P,PAL Airlines,,,P
air-aerolineas-argentinas-v1,1950-12-07,,ARG,AR,Aerolíneas Argentinas,Skyteam,Member,
air-aerolineas-galapagos-v1,,,GLG,2K,Aerolineas Galapagos,,,
air-aerolineas-regionales-v1,,,XLK,F2,Safarilink Aviation,,,P
air-aerolineas-sosa-v1,,2012-12-31,NSO,P4,Aerolineas Sosa,,,
air-aerolineas-sosa-v2,2013-01-01,,NSO,S0,Aerolineas Sosa,,,
air-aerolink-uganda-v1,,,XAU,A8,Aerolink Uganda,,,
air-aerolitoral-v1,1988-01-01,,SLI,5D,Aeroméxico Connect,Skyteam,Affiliate,
air-aeromar-v1,1987-01-01,,TAO,VW,Aeromar,,,
air-aeromexico-v1,,,AMX,AM,AeroMexico,Skyteam,Member,
air-aerovias-dap-v1,,,DAP,V5,Aerovias DAP,,,
air-africa-world-airlines-v1,2012-09-21,,AFW,AW,Africa World Airlines,,,
air-afrijet-business-service-v1,2016-04-01,,ABS,J7,Afrijet Business Service,,,
air-afriqiyah-airways-v1,,,AAW,8U,Afriqiyah Airways,,,
air-aigle-azur-v1,1946-01-01,,AAF,ZI,Aigle Azur,,,
air-air-albania-v1,2018-05-16,,ABN,ZB,Air Albania,,,
air-air-algerie-v1,1947-03-15,,DAH,AH,Air Algerie,,,
air-air-alliance-v1,1994-01-01,,GGN,ZX,Air Georgian,,,
air-air-alsie-v1,,,MMD,6I,Air Alsie,,,PT
air-air-arabia-abu-dhabi-v1,,,ADY,3L,Air Arabia Abu Dhabi,,,
air-air-arabia-egypt-v1,2009-09-09,,RBG,E5,Air Arabia Egypt,,,
air-air-arabia-maroc-v1,2009-05-01,,MAC,3O,Air Arabia Maroc,,,
air-air-arabia-v1,2003-10-28,,ABY,G9,Air Arabia,,,
air-air-asia-indonesia-extra-v1,2014-12-26,,INX,XT,Indonesia AirAsia X,,,
air-air-asia-indonesia-v1,2000-06-22,,AWQ,QZ,Indonesia AirAsia,,,
air-air-asia-japan-v1,2012-08-01,,WAJ,DJ,AirAsia Japan,,,
air-air-asia-philippines-v1,2010-12-01,,APG,PQ,AirAsia Philippines,,,
air-air-asia-v1,1996-11-16,,AXM,AK,AirAsia,,,
air-air-asia-x-v1,,,XAX,D7,AirAsia X,,,
air-air-astana-v1,2002-05-15,,KZR,KC,Air Astana,,,
air-air-austral-v1,1975-01-01,,REU,UU,Air Austral,,,
air-air-baltic-v1,1995-01-01,,BTI,BT,airBaltic,,,
air-air-belgium-v2,2018-06-01,,ABB,KF,Air Belgium,,,
air-air-botswana-v1,,,BOT,BP,Air Botswana,,,
air-air-bretagne-v1,,,OMQ,3E,Multi Aero,,,
air-air-bridge-cargo-v1,,,SKI,RU,Air Bridge Cargo,,,C
air-air-burkina-v1,,,VBW,2J,Air Burkina,,,
air-air-busan-v1,2007-01-01,,ABL,BX,Air Busan,,,
air-air-cairo-v1,2003-01-01,,MSC,SM,Air Cairo,,,
air-air-caledonie-v1,,,TPC,TY,Air Caledonie,,,
air-air-calin-v1,1983-01-01,,ACI,SB,Aircalin,,,
air-air-canada-v1,1965-01-01,,ACA,AC,Air Canada,Star Alliance,Member,
air-air-caraibes-v1,2000-07-01,,FWI,TX,Air Caraibes,,,
air-air-cargo-carriers-v2,2015-01-01,,SNC,2Q,Air Cargo Carriers,,,C
air-air-century-sa-v1,2022-11-15,,CEY,Y2,"Air Century, S.A.",,,
air-air-china-v1,1988-01-01,,CCA,CA,Air China,Star Alliance,Member,
air-air-corsica-v1,2010-01-01,,CCM,XK,Air Corsica,,,
air-air-creebec-v1,,,CRQ,YN,Air Creebec,,,
air-air-dolomiti-v1,,,DLA,EN,Air Dolomiti,,,
air-air-europa-v1,1986-01-01,,AEA,UX,Air Europa,Skyteam,Member,
air-air-explore-v1,,,AXE,ED,Air Explore,,,
air-air-flamenco-v1,,,WAF,F4,Air Flamenco,,,
air-air-france-hop-v1,2026-01-22,,HOP,A5,Air France HOP,,,P
air-air-france-v1,1933-10-07,,AFR,AF,Air France,Skyteam,Member,
air-air-freight-nz-v1,1989-07-01,2016-07-01,AFN,OG,Air Freight NZ,,,
air-air-georgia-v1,,,GEO,DA,Air Georgia,,,
air-air-go-egypt-v1,2014-01-01,,AGY,EO,Air Go Egypt,,,
air-air-greenland-v1,2002-01-01,,GRL,GL,Air Greenland,,,
air-air-guilin-v1,2016-01-01,,CGH,GT,Air Guilin,,,
air-air-iceland-v1,1997-01-01,,FXI,NY,Air Iceland,,,
air-air-incheon-v1,2013-01-01,,IAH,KJ,Air Incheon,,,
air-air-india-charters-v1,2005-04-29,,AXB,IX,Air India Express,Star Alliance,Affiliate,
air-air-india-regional-v1,1996-06-21,,LLR,9I,Air India Regional,Star Alliance,Affiliate,
air-air-india-v1,1932-10-15,,AIC,AI,Air India,Star Alliance,Member,
air-air-indus-v1,,,MPK,I6,Air Indus,,,
air-air-inuit-v1,1978-11-01,,AIE,3H,Air Inuit,,,
air-air-italy-v2,2018-03-01,,ISS,IG,Air Italy,,,
air-air-japan-company-v1,1990-06-29,,AJX,NQ,Air Japan,,,
air-air-kbz-v1,2011-04-02,,KBZ,K7,Air KBZ,,,
air-air-kenya-express-v1,1987-01-01,,XAK,P2,Airkenya Express,,,
air-air-kiribati-v1,1995-04-01,,AKL,IK,Air Kiribati,,,
air-air-koryo-v1,,,KOR,JS,Air Koryo,,,
air-air-labrador-v1,1948-01-01,,LAL,WJ,Air Labrador,,,
air-air-leisure-egypt-v1,,2022-10-22,ALD,AL,Air Leisure,,,
air-air-macau-v1,1995-11-09,,AMU,NX,Air Macau,,,
air-air-madagascar-v1,,,MDG,MD,Air Madagascar,,,
air-air-malta-v1,,2024-03-30,AMC,KM,Air Malta,,,
air-air-mauritius-v1,,,MAU,MK,Air Mauritius,,,
air-air-mediterranean-v1,,,MAR,MV,Air Mediterranean,,,
air-air-moldova-v1,,,MLD,9U,Air Moldova,,,
air-air-namibia-v1,,,NMB,SW,Air Namibia,,,
air-air-new-zealand-v1,1965-04-01,,ANZ,NZ,Air New Zealand,Star Alliance,Member,
air-air-nippon-wings-v1,2010-10-01,,AKX,EH,ANA Wings,,,
air-air-niugini-v1,,,ANG,PX,Air Niugini,,,
air-air-norway-v1,2003-01-01,2017-10-31,NFA,M3,Air Norway,,,
air-air-nostrum-v1,1994-05-23,,ANE,YW,Air Nostrum,OneWorld,Affiliate,
air-air-panama-v1,,,PST,7P,Air Panama,,,
air-air-peace-limited-v1,2013-01-01,,APK,P4,Air Peace,,,
air-air-pegasus-v1,2015-04-12,,PPL,OP,Air Pegasus,,,
air-air-senegal-v1,2018-05-14,,SZN,HC,Air Senegal,,,
air-air-seoul-v1,2016-07-11,,ASV,RS,Air Seoul,,,
air-air-serbia-v1,2013-10-26,,ASL,JU,Air Serbia,,,
air-air-seychelles-v1,,,SEY,HM,Air Seychelles,,,
air-air-sinai-v1,,,ASD,4D,Air Sinai,,,
air-air-tahiti-nui-v1,1998-11-20,,THT,TN,Air Tahiti Nui,,,
air-air-tahiti-v1,1987-01-01,,VTA,VT,Air Tahiti,,,
air-air-tanzania-v1,,,ATC,TC,Air Tanzania,,,
air-air-tindi-v1,,,TID,8T,Air Tindi,,,
air-air-transat-v1,1987-11-14,,TSC,TS,Air Transat,,,
air-air-transport-international-v1,1988-01-01,,ATN,8C,Air Transport International,,,
air-air-urga-v1,,,URG,3N,Air Urga,,,
air-air-vanuatu-v1,1981-01-01,,AVN,NF,Air Vanuatu,,,
air-air-via-v1,1990-01-01,2016-01-01,VIM,VL,Air VIA,,,
air-air-wisconsin-v1,1965-08-23,,AWI,ZW,Air Wisconsin,,,
air-air-zimbabwe-v1,1980-04-02,,AZW,UM,Air Zimbabwe,,,
air-airblue-v1,2004-06-18,,ABQ,PA,Airblue,,,P
air-aircompany-armenia-v1,2016-05-01,,NGT,RM,Aircompany Armenia,,,
air-aires-v1,1981-01-01,,ARE,4C,LATAM Colombia,OneWorld,Affiliate,
air-airline-taimyr-v1,2009-01-01,,TYA,Y7,NordStar,,,
air-airlines-png-v1,1987-01-01,,TOK,CG,PNG Air,,,
air-airnorth-v1,1978-01-01,,ANO,TL,Airnorth,,,
air-airphil-express-v1,1995-02-13,,GAP,2P,PAL Express,,,
air-airtran-airways-v1,1993-10-26,,TRS,FL,Airtran Airways,,,
air-airwing-v1,2004-01-01,,NWG,,Airwing,,,
air-ais-airlines-v1,2009-01-01,,PNX,IS,AIS Airlines,,,
air-ajet-v1,2024-03-12,,TKJ,VF,AJet,,,
air-akasa-air-v1,2021-12-22,,AKJ,QP,Akasa Air,,,
air-aklak-air-v1,,,AKK,6L,Aklak Air,,,
air-alas-uruguay-v1,2015-02-01,,ALY,YZ,Alas Uruguay,,,
air-alaska-airlines-v1,1944-06-06,,ASA,AS,Alaska Airlines,OneWorld,Member,
air-albastar-spain-v2,2014-11-01,,LAV,AP,AlbaStar,,,
air-albawings-v1,2016-01-01,,AWT,2B,Albawings,,,
air-alitalia-cityliner-v1,2006-06-07,,CYL,CT,Alitalia CityLiner,Skyteam,Affiliate,
air-alitalia-v1,1999-03-01,2021-10-15,AZA,AZ,Alitalia,,Member,
air-all-nippon-airways-v1,1952-12-27,,ANA,NH,All Nippon Airways,Star Alliance,Member,
air-allegiant-air-v1,1998-06-01,,AAY,G4,Allegiant Air,,,
air-alliance-airlines-v1,,,FWQ,QQ,Alliance Airlines,,,PT
air-almasria-universal-airlines-v1,2008-01-01,,LMU,UJ,AlMasria Universal Airlines,,,
air-aloha-air-cargo-v1,2008-05-15,,AAH,KH,Aloha Air Cargo,,,
air-alpavia-v1,,,APP,AL,Air Leisure,,,
air-amakusa-airlines-v1,2000-03-23,,AHX,MZ,Amakusa Airlines,,,
air-amaszonas-paraguay-v1,2015-09-23,,AZP,ZP,Paranair,,,
air-amaszonas-uruguay-v1,2015-01-01,,AUZ,Z7,Amaszonas Uruguay,,,
air-amaszonas-v1,1998-10-01,,AZN,Z8,Línea Aérea Amaszonas,,,
air-amelia-international-v1,2022-01-01,,AEH,NL,Amelia International,,,
air-amelia-v1,2020-02-01,,AIA,8R,Amelia,,,
air-american-airlines-v1,1934-01-01,,AAL,AA,American Airlines,OneWorld,Member,
air-american-eagle-v1,1998-01-01,,ENY,MQ,Envoy Air,OneWorld,Affiliate,
air-amerijet-international-v1,1974-01-01,,AJT,M6,Amerijet International,,,
air-amsterdam-airlines-v1,,,AAN,WD,Amsterdam Airlines Bv,,,
air-andes-lineas-aereas-v1,2006-06-20,,ANS,O4,Andes Líneas Aéreas,,,
air-anguilla-air-services-v1,,,AXL,Q3,Anguilla Air Services,,,
air-animawings-v1,2020-01-01,,AWG,A2,Animawings,,,
air-anisec-luftfahrt-v1,2018-07-17,,FOO,VK,Anisec Luftfahrt,,,
air-apg-airlines-v1,2016-01-01,,RIV,GP,APG Airlines,,,
air-arajet-v1,2022-09-01,,DWI,DM,Arajet,,,
air-arctic-transportation-services-v1,1953-01-01,,RYA,7S,Ryan Air Services,,,
air-ariana-afghan-airlines-v1,,,AFG,FG,Ariana Afghan Airlines,,,
air-arik-air-v1,2006-10-30,,ARA,W3,Arik Air,,,
air-arkefly-v1,2004-03-01,,TFL,OR,TUI Airlines Netherlands,,,PC
air-arkia-v1,,,AIZ,IZ,Arkia,,,
air-armenia-airways-v1,2013-01-01,,AMW,6A,Armenia Airways,,,
air-aserca-v1,,,OCA,R7,Aserca,,,
air-asia-atlantic-airlines-v1,2013-08-19,2018-10-30,AAQ,HB,Asia Atlantic Airlines,,,
air-asian-wings-airways-v1,2011-01-27,,AWM,YJ,Asian Wings Airways,,,
air-asiana-airlines-v1,1988-02-17,,AAR,OZ,Asiana Airlines,Star Alliance,Member,
air-askari-aviation-v1,1995-01-01,2001-01-01,AAS,4K,Air Askari Aviation,,,
air-asky-v1,2010-01-01,,SKK,KP,ASKY Airlines,,,
air-astra-airlines-v1,2008-07-05,2019-12-31,AZI,A2,Astra Airlines,,,
air-astral-aviation-v1,2000-01-01,,ACP,8V,Astral Aviation,,,
air-astro-air-v1,1998-01-01,,AAV,8Y,Pan Pacific Airlines,,,
air-ata-airlines-iran-v1,2010-01-01,,TBZ,I3,ATA Airlines,,,
air-atlantic-airways-v1,1987-01-01,,FLI,RC,Atlantic Airways,,,
air-atlantic-express-airline-v1,,,ANX,4X,Atlantic Express Airline,,,
air-atlantique-air-assistance-v1,1989-01-01,,TLB,L5,Atlantique Air Assistance,,,
air-atlas-air-v1,1992-01-01,,GTI,5Y,Atlas Air,,,CT
air-atlasjet-airlines-v1,2001-06-01,,KKK,KK,AtlasGlobal,,,
air-auric-air-services-v1,2001-01-01,,AUK,UI,Auric Air Services,,,
air-aurigny-air-services-v1,,,AUR,GR,Aurigny Air Services,,,
air-austral-lineas-aereas-v1,1958-01-01,,AUT,AU,Austral Líneas Aéreas,Skyteam,Affiliate,
air-austrian-airlines-v1,1957-09-30,,AUA,OS,Austrian Airlines,Star Alliance,Member,
air-avianca-express-v1,,,AVR,EX,Avianca Express,,,
air-avianca-v1,1919-12-05,,AVA,AV,Avianca,Star Alliance,Member,
air-aviastar-mandiri-v1,2003-01-01,,VIT,,Aviastar Mandiri,,,
air-aviastar-tu-v1,2004-01-01,2012-12-31,TUP,4B,Aviastar TU,,,
air-aviateca-v1,,,GUG,GU,Aviateca,,,
air-avies-v1,1991-12-01,2016-04-01,AIA,U3,Avies,,,
air-avion-express-v1,,,NVD,X9,Avion Express,,,
air-avior-airlines-v1,1994-01-01,,ROI,9V,Avior Airlines,,,
air-azerbaijan-airlines-v1,,,AHY,J2,Azerbaijan Airlines,,,
air-azman-air-v1,,,AZM,ZQ,Azman Air,,,
air-azul-v1,2008-01-01,,AZU,AD,Azul Brazilian Airlines,,,
air-ba-cityflyer-v1,,,CFE,CJ,BA CityFlyer,OneWorld,Affiliate,
air-ba-euroflyer-v1,2021-01-01,,EFW,A0,BA EuroFlyer,,,
air-bahamasair-v1,,,BHS,UP,Bahamasair,,,
air-bamboo-v1,2017-05-31,,BAV,QH,Air Bamboo,,,
air-bangkok-airways-v1,1968-01-01,,BKP,PG,Bangkok Airways,,,
air-bassaka-air-v1,2013-01-01,,BSX,5B,Bassaka Air,,,
air-batik-air-indonesia-v1,2013-05-03,,BTK,ID,Batik Air,,,P
air-bbn-airlines-v1,2024-09-27,,BBL,0B,BBN Airlines Indonesia,,,
air-bearskin-airlines-v1,1963-07-17,,BLS,JV,Bearskin Airlines,,,
air-bees-airlines-v1,2023-01-01,,BES,E8,Bees Airlines,,,
air-bek-air-v1,,,BEK,Z9,Jsc Bek Air,,,
air-belavia-v1,1996-03-05,,BRU,B2,Belavia,,,
air-belle-air-europe-v1,,,BAL,L9,Belle Air Europe,,,
air-bemidji-airlines-v1,,,BMJ,CH,Bemidji Airlines,,,
air-bering-air-v1,1979-10-03,,BRG,8E,Bering Air,,,
air-berjaya-air-v1,1989-01-01,,BVT,J8,Berjaya Air,,,
air-bermud-air-v1,2025-12-17,,BMA,2T,BermudAir,,,
air-bh-air-v1,2002-01-01,,BGH,8H,BH Air,,,
air-biman-bangladesh-airline-v1,1972-02-04,,BBC,BG,Biman Bangladesh Airline,,,
air-binter-canarias-v1,1989-03-26,,IBB,NT,Binter Canarias,,,
air-blue-air-airline-v1,2004-12-01,2020-02-18,BMS,0B,Blue Air,,,
air-blue-air-airline-v2,2020-02-18,2022-09-06,BLA,0B,Blue Air,,,
air-blue-islands-v1,1999-01-01,,BCI,SI,Blue Islands,,,
air-blue-panorama-airlines-v1,,,BPA,BV,Blue Panorama Airlines,,,
air-bluebird-airways-v1,2008-01-01,,BBG,BZ,Bluebird Airways,,,
air-bluebird-cargo-v1,2001-03-01,2012-09-12,BBD,BO,Bluebird Nordic,,,C
air-bmi-regional-v1,1987-01-01,,BMR,BM,bmi regional,,,
air-boliviana-de-aviacion-v1,2007-10-24,,BOV,OB,Boliviana de Aviación (BoA),,,
air-bonza-v1,2023-01-31,,BNZ,AB,Bonza,,,
air-boutique-air-v1,2013-01-01,,BTQ,4B,Boutique Air,,,
air-braathens-regional-airways-v1,1993-08-15,,BRX,DC,Braathens Regional Airways,,,P
air-braathens-regional-aviation-v1,1981-01-01,2020-12-31,SCW,TF,Braathens Regional Aviation,,,P
air-breeze-airways-v1,2021-05-27,,MXY,MX,Breeze Airways,,,
air-british-airways-v1,1974-03-31,,BAW,BA,British Airways,OneWorld,Member,
air-brussels-airlines-v1,2007-03-25,,BEL,SN,Brussels Airlines,Star Alliance,Member,
air-buddha-air-v1,1997-01-01,,BHA,U4,Buddha Air,,,
air-bulgaria-air-v1,,,LZB,FB,Bulgaria Air,,,
air-bulgarian-air-charter-v1,2000-12-14,,BUC,H6,Bulgarian Air Charter,,,
air-buraq-air-v1,2001-01-01,,BRQ,UZ,Buraq Air,,,
air-buzz-v1,,,RYS,RR,Buzz,2018-01-02,,
air-caicos-express-airways-v1,2011-01-01,,CXE,9Q,Caicos Express Airways,,,
air-cairo-aviation-v2,2018-01-01,,CCE,,Cairo Aviation,,,
air-calm-air-v1,,,CAV,MO,Calm Air International,,,
air-camair-v1,2011-03-28,,CRC,QC,Camair-Co,,,
air-cambodia-airways-v1,2017-09-11,,KME,KR,Cambodia Airways,,,
air-cambodia-angkor-air-v1,2009-01-01,,KHV,K6,Cambodia Angkor Air,,,
air-cambodia-bayon-v1,2014-09-01,,BYC,BD,Cambodia Bayon Airlines,,,
air-canadian-north-v1,1989-01-01,,MPE,5T,Canadian North,,,
air-canary-fly-v1,2010-01-01,,CNF,PM,Canaryfly,,,
air-canjet-airlines-v1,,2015-09-01,CJA,C6,Canjet Airlines,,,
air-cape-air-v1,1989-01-01,,KAP,9K,Cape Air,,,
air-cargologicair-v1,,,CLU,P3,CargoLogicAir,,,
air-cargolux-v1,1970-03-04,,CLX,CV,Cargolux,,,C
air-caribbean-airlines-v1,2007-01-01,,BWA,BW,Caribbean Airlines,,,
air-caribbean-winds-airlines-v1,,,WND,W8,Caribbean Winds Airlines,,,
air-carpatair-v1,1999-02-01,,KRP,V3,Carpatair,,,
air-cathay-pacific-v1,1946-09-24,,CPA,CX,Cathay Pacific,OneWorld,Member,
air-cayman-airways-v1,,,CAY,KX,Cayman Airways,,,
air-cebu-air-v1,1996-03-08,,CEB,5J,Cebu Pacific,,,
air-cemair-v1,2005-01-01,,KEM,5Z,CemAir,,,
air-central-mountain-air-v1,,,GLR,9M,Central Mountain Air,,,
air-centralwings-v1,,,CLW,C0,Centralwings,,,
air-centrum-air-v1,2023-02-15,,MFX,C6,Centrum Air,,,
air-chair-airlines-v1,2019-06-11,,GSW,GM,Chair Airlines,,,
air-chalair-aviation-v1,,,CLG,CE,Chalair Aviation,,,
air-challenge-aero-be-v1,2018-01-01,,CHG,X7,Challenge Aero,,,T
air-challenge-aero-il-v1,2018-01-01,,ICL,5C,Challenge Aero,,,T
air-cham-wings-airlines-v1,,,SAW,6Q,Cham Wings Airlines,,,
air-champlain-enterprises-v1,1989-08-01,,UCA,C5,CommutAir,,,
air-chang-an-airlines-v1,1992-04-11,,CGN,9H,Chang An Airlines,,,
air-charlie-airlines-cyprus-v1,2017-06-01,,CYP,CY,Charlie Airlines,,,
air-chatams-v1,1984-01-01,,CVA,3C,Air Chathams,,,
air-chautauqua-airlines-v1,,,CHQ,RP,Chautauqua Airlines,,,
air-china-airlines-v1,1959-12-16,,CAL,CI,China Airlines,Skyteam,Member,
air-china-cargo-airlines-bis-v1,1998-07-30,2010-12-31,NDR,CK,China Cargo Airlines,,,C
air-china-cargo-airlines-v1,2011-01-01,,CKK,CK,China Cargo Airlines,,,C
air-china-eastern-airlines-v1,1988-06-25,,CES,MU,China Eastern Airlines,Skyteam,Member,
air-china-express-airlines-v1,2006-01-01,,HXA,G5,China Express Airlines,,,
air-china-postal-airlines-v1,1997-02-27,,CYZ,CF,China Postal Airlines,,,
air-china-southern-airlines-v1,1989-01-01,,CSN,CZ,China Southern Airlines,,,
air-china-united-airlines-v1,,,CUA,KN,China United Airlines,,,
air-cimber-v1,2012-05-16,2017-01-31,CIM,QA,Cimber,,,
air-cinnamon-air-v1,2013-01-01,,RLE,C7,Cinnamon Air,,,P
air-citilink-indonesia-v1,2001-01-01,,CTV,QG,Citilink Indonesia,,,
air-city-airways-v1,2012-09-01,2022-12-31,GTA,E8,City Airways,,,
air-cityjet-v1,,,BCY,WX,CityJet,Skyteam,Affiliate,
air-closed-iraero-v1,1999-01-01,,IAE,IO,IrAero,,,
air-cm-airlines-v1,2008-01-01,2018-12-31,OMT,CC,CM Airlines,,,
air-cm-airlines-v2,2024-01-01,,OMT,H5,CM Airlines,,,
air-cobalt-air-v1,2015-09-01,,FCB,CO,Cobalt Air,,,
air-colgan-air-v1,,,WLN,9L,West Link Airways,,,
air-comair-south-africa-v1,1943-01-01,,CAW,MN,Comair,OneWorld,Affiliate,
air-comlux-aruba-v1,,,CXB,CS,Comlux Aruba,,,
air-comores-aviation-v1,,,KMZ,O5,Comores Aviation International,,,
air-compagnie-africaine-d-aviation-v1,1993-01-01,,FPY,BU,Compagnie Africaine d'Aviation,,,
air-compass-airlines-v1,2006-01-01,,CPZ,CP,Compass Airlines,,,
air-condor-berlin-v1,,,CIB,DF,Condor Berlin,,,
air-condor-v1,1956-01-01,,CFG,DE,Condor,,,
air-congo-airways-v1,2016-09-01,,CGA,8Z,Congo Airways,,,
air-contour-airlines-v1,2016-01-01,,VTE,LF,Contour Airlines,,,
air-conviasa-v1,,,VCV,V0,Conviasa,,,
air-copa-airlines-v1,1947-08-15,,CMP,CM,Copa Airlines,Star Alliance,Member,
air-corendon-airlines-europe-v1,,,CXI,XR,Corendon Airlines Europe,,,
air-corendon-airlines-v1,2005-04-01,,CAI,XC,Corendon Airlines,,,
air-corendon-dutch-airlines-v1,,,CND,CD,Corendon Dutch Airlines,,,
air-corsair-v1,1981-05-17,,CRL,SS,Corsair,,,
air-costa-rica-green-airways-v1,2018-01-01,,CRG,GW,Costa Rica Green Airways,,,
air-croatia-airlines-v1,1989-08-20,,CTN,OU,Croatia Airlines,Star Alliance,Member,
air-cronos-airlines-v1,2007-01-01,,CRA,C8,Cronos Airlines,,,P
air-cubana-de-aviacion-v1,,,CUB,CU,Cubana De Aviacion,,,
air-czech-airlines-v1,1923-10-06,,CSA,OK,Czech Airlines,Skyteam,Member,
air-daallo-airlines-v1,,,DAO,D3,Daallo Airlines,,,
air-dana-airlines-v1,2008-01-01,,DAN,9J,Dana Air,,,
air-danish-air-transport-v1,1989-01-01,,DTR,DX,Danish Air Transport,,,
air-dart-ltd-v1,2016-01-01,,LID,D4,DART Ltd,,,
air-deer-jet-airlines-v2,2010-05-04,,CBJ,JD,Beijing Capital Airlines,,,
air-delta-air-lines-v1,1929-06-17,,DAL,DL,Delta Air Lines,Skyteam,Member,
air-delta-connection-v1,,,DCP,DQ,Delta Connection,,,
air-delux-public-charter-v1,2015-01-01,,JSX,XE,Delux Public Charter,,,
air-denim-air-v2,2016-04-01,,DNM,G6,Denim Air,,,
air-dhl-air-uk-v1,1982-01-01,,DHK,D0,DHL Air UK,,,
air-dhl-international-aviation-me-v1,1979-01-01,2017-12-31,DHX,ES,DHL International Aviation ME,,,
air-discover-airlines-v2,2021-07-24,,OCN,4Y,Discover Airlines,Star Alliance,Member,
air-divi-divi-air-v1,2002-01-01,,DVR,3R,Divi Divi Air,,,
air-dniproavia-v1,1996-01-01,,UDN,Z6,Dniproavia,,,
air-dobrolet-v1,2013-01-01,,DOB,QD,Dobrolet Airlines,,,
air-donavia-v1,,,DNV,D9,Donavia,Skyteam,Affiliate,
air-dot-lt-v1,,,DNU,R6,DOT LT,,,
air-douniah-airlines-v1,,,DTS,DH,Douniah Airlines,,,P
air-dragonair-v1,1985-07-01,,HDA,KA,Cathay Dragon,OneWorld,Affiliate,
air-dreamjet-v1,2014-01-01,,DJT,B0,La Compagnie,,,
air-druk-air-v1,1983-02-11,,DRK,KB,Druk Air,,,
air-dynamic-airways-v2,2018-04-01,,EAL,2D,"Eastern Airlines, LLC",,,
air-eagle-air-v1,,,EGU,H7,Eagle Air,,,
air-east-african-safari-air-v1,1989-01-01,,EXZ,B5,Fly-SAX,,,
air-east-air-v1,,,ETJ,EG,East Air,,,
air-east-coast-flight-services-v1,1991-01-01,,JTM,,East Coast Flight Services,,,
air-eastar-jet-v1,,,ESR,ZE,Eastar Jet,,,
air-eastern-airways-v1,1997-01-01,,EZE,T3,Eastern Airways,,,
air-eastok-avia-v3,2011-04-01,2016-07-07,EAA,KR,Air Bishkek,,,
air-easyfly-colombia-v1,2007-01-01,,EFY,VE,EasyFly,,,
air-easyjet-europe-v1,2017-07-18,,EJU,EC,easyJet Europe,,,
air-easyjet-switzerland-v1,1989-03-23,,EZS,DS,easyJet Switzerland,,,
air-easyjet-v1,1995-01-01,,EZY,U2,easyJet,,,
air-edelweiss-air-v1,1995-10-19,,EDW,WK,Edelweiss Air,,,
air-egyptair-v1,1933-07-01,,MSR,MS,EgyptAir,Star Alliance,Member,
air-el-al-v1,1948-01-01,,ELY,LY,El Al,,,
air-ellinair-v1,2014-02-19,,ELB,EL,Ellinair,,,
air-emirates-v1,1985-10-25,,UAE,EK,Emirates,,,
air-endeavor-air-v1,1985-01-01,,EDV,9E,Endeavor Air,,,
air-enter-air-v1,2009-10-15,,ENT,E4,Enter Air,,,T
air-equatorial-congo-airlines-v1,2011-09-24,,PTI,LC,ECAir,,,
air-era-aviation-v2,2016-07-01,,RVF,7H,Ravn Alaska,,,
air-eritrean-airlines-v1,,,ERT,B8,Eritrean Airlines,,,
air-ero-sun-d-or-v1,,,ERO,2U,Ero Sun d'Or,,,P
air-estelar-latinoamerica-v1,2009-01-01,2017-12-31,ETR,E4,Estelar Latinoamerica,,,
air-estelar-latinoamerica-v2,2018-01-01,,ETR,ES,Estelar Latinoamerica,,,
air-ethiopian-airlines-v1,1946-04-08,,ETH,ET,Ethiopian Airlines,Star Alliance,Member,
air-etihad-airways-v1,2003-01-01,,ETD,EY,Etihad Airways,,,
air-etihad-regional-v1,2003-01-01,2017-12-12,DWT,F7,Etihad Regional,,,
air-euroatlantic-airways-v1,1993-08-25,,MMZ,YU,Euroatlantic Airways,,,
air-europe-airpost-v1,1991-01-01,,FPO,5O,ASL Airlines France,,,
air-european-coastal-airlines-v1,2014-08-27,,ECB,WL,European Coastal Airlines,,,
air-eurowings-europe-v1,2016-07-01,,EWE,E6,Eurowings Europe,,,
air-eurowings-v1,1994-01-01,,EWG,EW,Eurowings,,,
air-eva-air-v1,1989-03-01,,EVA,BR,EVA Air,Star Alliance,Member,
air-evelop-airlines-v1,2013-01-01,,EVE,E9,Evelop Airlines,,,
air-ewa-air-v1,,,EWR,ZD,Ewa Air,,,
air-executive-express-aviation-v1,2013-01-01,2013-01-31,LTD,6G,Executive Express Aviation,,,
air-express-air-cargo-v1,2015-01-01,,XRC,7A,Express Air Cargo,,,
air-expressjet-airlines-v1,2001-01-01,,ASQ,EV,ExpressJet Airlines,,,
air-fair-aviation-v1,2016-11-01,,FAV,2F,Fair Aviation,,,
air-far-eastern-v1,1957-01-01,,FEA,FE,Far Eastern Air Transport,,,
air-fars-qeshm-airlines-v1,,,QFZ,QE,Fars Qeshm Airlines,,,
air-fastjet-zimbabwe-v1,2015-01-01,,FJW,FN,Fastjet Zimbabwe,,,
air-fedex-v1,,,FDX,FX,Fedex,,,
air-felix-airways-v1,,,FXX,FO,Felix Airways,,,
air-fiji-airways-v1,,,FJI,FJ,Fiji Airways,,,
air-finistair-v1,1981-01-01,,FTR,,Finist'air,,,
air-finnair-v1,1923-11-01,,FIN,AY,Finnair,OneWorld,Member,
air-first-air-v1,,,FAB,7F,First Air,,,
air-fitsair-v1,1997-01-02,,EXV,8D,FitsAir,,,
air-flair-airlines-v1,2005-01-01,,FLE,F8,Flair Airlines,,,
air-flexflight-v1,,,FXT,W2,Flexflight,,,
air-fly-africa-zimbabwe-v1,,,FZW,ZC,Fly Africa Zimbabwe,,,
air-fly-all-ways-airlines-v1,2016-01-22,,EDR,8W,Fly All Ways Airlines,,,
air-fly-armenia-airways-v1,2020-11-26,2022-01-05,FBB,VF,Fly Armenia Airways,,,
air-fly-art-v1,2016-07-01,,FLB,T2,Fly Art,,,
air-fly-blue-crane-v1,2015-09-01,2017-02-03,FCO,7B,Fly Blue Crane,,,
air-fly-jamaica-airways-v1,2013-02-14,,FJM,OJ,Fly Jamaica Airways,,,
air-fly-jinnah-v1,2022-10-01,,JAD,9P,Fly Jinnah,,,
air-fly-one-moldova-v1,2013-01-01,,FIA,5F,Fly One,,,
air-fly-play-v1,2021-06-24,,FPY,OG,Fly Play,,,
air-fly2sky-v1,,,VAW,F6,Fly2sky,,,
air-fly540-v1,2006-01-01,,FFV,5H,Five Fourty Aviation,,,
air-flyadeal-v1,2017-09-23,,FAD,F3,Flyadeal,,,
air-flyarystan-v1,2023-02-01,,AYN,FS,FlyArystan,,,
air-flybaghdad-v1,2015-06-15,,FBA,IF,FlyBaghdad,,,
air-flybe-v1,1979-01-01,,BEE,BE,Flybe,,,
air-flydamas-v1,2013-01-01,2018-12-31,FDK,4J,Flydamas Airlines,,,
air-flydubai-v1,2009-06-01,,FDB,FZ,flydubai,,,
air-flyegypt-v1,2015-02-12,,FEG,FT,FlyEgypt,,,
air-flyfirefly-v1,2007-01-01,,FFM,FY,Flyfirefly,,,
air-flyr-v1,,2023-01-31,FOX,FS,Flyr,,,
air-fmi-air-v1,2012-09-01,,FMI,ND,FMI Air,,,
air-forty-mile-air-v1,,,MLA,Q5,Forty Mile Air,,,
air-freebird-airlines-v1,,,FHY,FH,Freebird Airlines,,,
air-freedom-airline-express-somalia-v1,2019-05-01,,SMK,4K,Freedom Airline Express (Somalia),,,
air-freedom-airline-express-v1,2019-05-01,,FDT,4F,Freedom Airline Express,,,
air-french-blue-v1,2016-01-01,,FBU,BF,French Bee,,,
air-frontier-airlines-v1,1994-07-05,,FTT,F9,Frontier Airlines,,,
air-fuji-dream-airlines-v1,,,FDA,JH,Fuji Dream Airlines,,,
air-fuzhou-airlines-v1,2014-10-30,,FZA,FU,Fuzhou Airlines,,,
air-gading-sari-aviation-v2,2015-02-01,,CXM,3G,AsiaCargo Express,,,C
air-garuda-indonesia-v1,1949-01-26,,GIA,GA,Garuda Indonesia,Skyteam,Member,
air-gazpromavia-v1,,,GZP,4G,Gazpromavia,,,
air-genghis-khan-airlines-v1,,,NMG,9D,Genghis Khan Airlines,,,
air-germania-flug-v1,2015-03-26,2019-02-05,GSW,GM,Germania Flug,,,
air-germania-v1,1978-01-01,,GMI,ST,Germania,,,
air-germanwings-v1,1997-01-01,,GWI,4U,Germanwings,,,
air-globus-v1,,,GHA,GH,Globus,OneWorld,Affiliate,
air-gmg-airlines-v1,1998-04-06,,GMG,Z5,GMG Airlines,,,
air-go-airlines-v1,2005-11-01,,GOW,G8,Go First,,,
air-go-v1,,,GOE,GO,Go,,,
air-go2sky-v1,2013-02-14,,RLX,6G,Go2Sky,,,
air-gojet-airlines-v1,2004-01-01,,GJS,G7,GoJet Airlines,,,
air-gol-transportes-aereos-v1,2001-01-15,,GLO,G3,Gol Transportes Aéreos,,,
air-grand-china-air-v1,2007-01-01,,GDC,CN,Grand China Air,,,
air-grant-aviation-v1,1993-01-01,,SWV,GV,Grant Aviation,,,
air-great-dane-airlines-v1,2019-06-01,,GDE,DW,Great Dane Airlines,,,
air-great-lakes-aviation-v1,1977-04-05,,GLA,ZK,Great Lakes Airlines,,,
air-greater-bay-airlines-v1,2022-07-23,,HGB,HB,Greater Bay Airlines,,,
air-groznyy-avia-v1,,,GOZ,ZG,Groznyy Avia,,,
air-gryphon-airline-v1,2007-03-01,2012-12-31,VOS,Y3,Gryphon Airlines,,,
air-gulf-air-v1,1950-01-01,,GFA,GF,Gulf Air,,,
air-hageland-aviation-services-v1,1981-01-01,2000-11-30,HAG,H6,Hageland Aviation Services,,,
air-hahn-air-v1,1994-01-01,,HHN,HR,Hahn Air,,,
air-hainan-airlines-v1,1989-01-01,,CHH,HU,Hainan Airlines,,,
air-harbour-air-v1,1982-01-01,2019-07-31,HES,H3,Harbour Air,,,
air-hawaiian-airlines-v1,1929-01-30,,HAL,HA,Hawaiian Airlines,,,
air-hawkair-v1,1994-01-01,2016-11-18,BHA,BH,Hawkair,,,
air-heli-air-monaco-v1,1976-01-01,,MCM,YO,Heli Air Monaco,,,
air-heli-security-saint-tropez-v1,2014-01-01,,HLI,HS,Heli Sécurité,,,
air-helijet-v1,,,JBA,JB,Helijet International,,,
air-hellas-jet-v1,,,HEJ,HJ,Hellas Jet,,,
air-helvetic-airways-v1,,,OAW,2L,Helvetic Airways,,,
air-hevi-lift-v1,1994-01-01,2021-08-05,ASN,IU,Hevilift,,,
air-hex-air-v1,,,HER,UD,Hex Air,,,
air-hi-fly-transportes-aereo-v1,2006-01-01,,HFY,5K,Hi Fly,,,
air-himalaya-airlines-v1,2015-04-01,,HIM,H9,Himalaya Airlines,,,
air-hokkaido-air-system-v1,1997-09-30,,NTH,,Hokkaido Air System,,,
air-hokkaido-v1,1998-05-12,,ADO,HD,Air Do,,,
air-holiday-europe-v1,2019-08-01,,HES,HL,,,,
air-hong-kong-airlines-v1,,,CRK,HX,Hong Kong Airlines,,,
air-hong-kong-express-airways-v1,2005-09-03,,HKE,UO,Hong Kong Express Airways,,,
air-hop-airlinair-v1,2020-01-01,2026-01-22,RLA,AN,HOP Airlinair,,,
air-hop-brit-air-v1,1975-01-01,,BZH,DB,HOP Brit Air,,,
air-hop-regional-v1,2001-01-01,,RAE,YS,Regional,,,
air-hop-v1,2013-03-31,2026-01-22,HOP,A5,HOP!,Skyteam,Affiliate,P
air-horizon-air-v1,1981-09-01,,QXE,QX,Horizon Air,OneWorld,Affiliate,
air-hs-aviation-v1,,2023-08-30,APF,HP,Amapola Flyg,,,
air-hs-populair-v1,2023-08-31,,APF,HP,PopulAir,,,
air-hunnu-air-v1,,,MML,MR,Hunnu Air,,,
air-ibc-airways-v1,1991-01-01,,CSQ,II,IBC Airways,,,
air-iberia-express-v1,2012-03-25,,IBS,I2,Iberia Express,OneWorld,Affiliate,
air-iberia-v1,1927-06-28,,IBE,IB,Iberia,OneWorld,Member,
air-iberworld-airlines-v1,1998-04-11,2013-05-05,IWD,IP,Iberworld Airlines,,,
air-ibex-airlines-v1,2000-08-07,,IBX,FW,Ibex Airlines,,,
air-icelandair-v1,1937-01-01,,ICE,FI,Icelandair,,,
air-ihy-izmir-havayollari-v1,,2018-12-30,IZM,4I,Ihy Izmir Havayollari,,,
air-ikar-v1,1993-06-15,1995-03-31,KAR,IK,Pegas Fly,,,
air-iliamna-air-v1,,,IAR,V8,Iliamna Air,,,
air-indigo-v1,2006-08-04,,IGO,6E,IndiGo,,,
air-insel-air-aruba-v1,2014-01-01,,NLU,8I,Insel Air Aruba,,,
air-insel-air-v1,2006-01-01,,INC,7I,Insel Air International,,,
air-inter-iles-air-v1,2007-01-01,,IIA,I7,Int'Air Îles,,,
air-interair-south-africa-v1,1993-01-01,,INL,D6,Interair,,,
air-intercaribbean-airways-v1,1992-01-01,,IWY,JY,InterCaribbean Airways,,,
air-iran-air-tours-v1,1973-01-01,,IRB,B9,Iran Air Tours,,,
air-iran-air-v1,1961-01-01,,IRA,IR,Iran Air,,,
air-iran-aseman-airlines-v1,1980-01-01,,IRC,EP,Iran Aseman Airlines,,,
air-iranian-naft-airline-v1,1992-01-01,,IRG,NV,Iranian Naft Airline,,,
air-iraqi-airways-v1,1946-01-28,,IAW,IA,Iraqi Airways,,,
air-irtysh-air-v1,,,MZA,IH,Jsc Irtysh Air,,,
air-island-air-hawaii-v1,1980-01-01,,MKU,WP,Island Air,,,
air-island-aviation-services-v1,2003-05-01,,DQA,Q2,Maldivian,,,
air-island-express-air-v1,2009-01-01,,IAX,,Island Express Air,,,
air-island-transvoyager-v1,2002-01-01,,ITI,T6,ITI Air,,,
air-islena-airlines-v1,,,ISV,WC,Islena Airlines,,,
air-israir-airlines-v1,,,ISR,6H,Israir Airlines,,,
air-ita-v1,2021-10-15,,ITY,AZ,ITA Airways,Skyteam,Member,
air-itek-air-v1,,,IKA,GI,Itek Air,,,
air-izhavia-v1,,,IZA,I8,Izhavia,,,
air-jambojet-v1,2014-04-01,,JMA,JM,Jambojet,,,
air-japan-air-commuter-v1,1983-07-01,,JAC,JC,Japan Air Commuter,,,
air-japan-airlines-v1,1951-10-25,,JAL,JL,Japan Airlines,OneWorld,Member,
air-japan-transocean-air-v1,,,JTA,NU,Japan Transocean Air,OneWorld,Affiliate,
air-jazz-aviation-v1,,,JZA,QK,Jazz Aviation,,,
air-jeju-air-v1,2005-01-01,,JJA,7C,Jeju Air,,,
air-jet-4-you-v1,,,ECO,8J,Línea Aerea Eco Jet,,,
air-jet-airways-v1,1993-05-05,,JAI,9W,Jet Airways,,,
air-jet-asia-airways-v1,2009-02-01,,JAA,JF,Jet Asia Airways,,,
air-jet-aviation-business-v1,,,PJS,PP,Jet Aviation Business,,,
air-jet-lite-v1,,,RSH,S2,Jet Lite,,,
air-jet-ops-v1,2005-01-01,,OPS,J6,Jet-Ops,,,
air-jet-time-v1,2006-09-01,,JTG,JO,Jet Time,,,
air-jet2-v1,2003-02-12,,EXS,LS,Jet2.com,,,
air-jetair-caribbean-v1,2022-11-15,2024-06-18,JRC,4J,JetAir Caribbean,,,
air-jetairfly-v1,2005-11-23,,JAF,TB,TUIfly Belgium,,,
air-jetblue-airways-v1,2000-02-11,,JBU,B6,JetBlue,,,
air-jetsmart-chile-v1,2017-07-25,,JAT,JA,Jetsmart Chile,,,
air-jetsmart-peru-v1,2021-02-17,,JAP,JZ,Jetsmart Peru,,,
air-jetstar-asia-airways-v1,2004-12-07,,JSA,3K,Jetstar Asia Airways,,,
air-jetstar-pacific-airlines-v1,,,PIC,BL,Jetstar Pacific Airlines,,,
air-jetstar-v1,2003-01-01,,JST,JQ,Jetstar,,,
air-jiangxi-air-v1,2016-01-27,,CJX,RY,Jiangxi Air,,,
air-jin-air-v1,,,JNA,LJ,Jin Air,,,
air-job-air-v1,,,JBR,3B,Job Air,,,
air-jordan-aviation-v1,2000-10-01,,JAV,R5,Jordan Aviation,,,
air-joy-air-v1,2009-06-01,,JOY,JR,Joy Air,,,
air-jubba-airways-kenya-v1,1954-01-01,,JBW,3J,Jubba Airways Kenya,,,
air-juneyao-airlines-v1,,,DKH,HO,Juneyao Airlines,Star Alliance,Affiliate,P
air-kalitta-charters-v1,2001-12-01,,KFS,K9,Kalitta Charters,,,
air-kam-air-v1,2003-11-08,,KMF,RQ,Kam Air,,,
air-kan-air-v1,2010-01-01,,KND,K8,Kan Air,,,
air-katekavia-v1,1995-05-01,,KTK,ZF,Azur Air,,,
air-kd-v2,2013-10-01,,KDC,,KD Air,,,
air-kelowna-flightcraft-air-charter-v1,2015-01-01,,KFA,FK,Kelowna Flightcraft Air Charter,,,
air-kenmore-air-v1,,,KEN,M5,Kenmore Air,,,
air-kenn-borek-air-v1,2009-01-01,2018-01-01,KBA,4K,Kenn Borek Air,,,
air-kenya-airways-v1,1977-02-04,,KQA,KQ,Kenya Airways,Skyteam,Member,
air-kish-airlines-v1,,,IRK,Y9,Kish Airlines,,,
air-klm-cityhopper-v1,1991-04-01,,KLC,WA,KLM Cityhopper,,,
air-klm-v1,1919-10-07,,KLM,KL,KLM,Skyteam,Member,
air-km-malta-airlines-v1,2024-03-31,,KMM,KM,KM Malta Airlines,,,
air-komiaviatrans-v1,2016-07-01,,KMA,KO,Komiaviatrans,,,
air-korean-air-v1,1969-03-01,,KAL,KE,Korean Air,Skyteam,Member,
air-kuban-airlines-v1,1992-01-01,2012-12-11,KIL,GW,SkyGreece Airlines,,,
air-kunming-airlines-v1,,,KNA,KY,Kunming Airlines,,,
air-kuwait-airways-v1,,,KAC,KU,Kuwait Airways,,,
air-kyrgyzstan-air-v1,2001-01-01,2019-01-01,LYN,QH,Air Kyrgyzstan,,,
air-kyrgyzstan-airlines-v1,,,KGA,R8,Kyrgyzstan Airlines,,,
air-lacsa-v1,,,LRC,LR,Avianca Costa Rica,,,
air-lam-mozambique-v1,,,LAM,TM,Lam Mozambique,,,
air-lan-airlines-v1,1929-03-05,,LAN,LA,LATAM Chile,OneWorld,Member,
air-lan-argentina-v1,2005-01-01,,DSM,4M,LATAM Argentina,OneWorld,Affiliate,
air-lan-chile-cargo-v1,1929-01-01,,LCO,UC,LAN Cargo,,,C
air-lan-ecuador-v1,2002-01-01,,LNE,XL,LATAM Ecuador,OneWorld,Affiliate,
air-lan-express-v1,1998-01-01,,LXP,LU,LAN Express,OneWorld,Affiliate,
air-lan-peru-v1,1998-01-01,,LPE,LP,LATAM Perú,OneWorld,Affiliate,
air-lanmei-airlines-v1,2017-09-15,,MKR,LQ,Lanmei Airlines,,,
air-lao-airlines-v1,,,LAO,QV,Lao Airlines,,,
air-lao-skyway-v2,2014-01-01,,LLL,LK,Lao Skyway,,,
air-latam-cargo-brasil-v1,1995-01-01,,LTG,M3,LATAM Cargo Brasil,,,
air-latpass-airlines-v1,,,LTP,QJ,Latpass Airlines,,,
air-laudamotion-v1,2018-03-18,,LDM,OE,Lauda,,,
air-lc-peru-v1,1993-01-01,2018-12-12,LCB,W4,LC Péru,,,
air-liat-v1,1974-01-01,,LIA,LI,LIAT,,,
air-libyan-airlines-v1,1965-01-01,,LAA,LN,Libyan Airlines,,,
air-libyan-wings-v1,2015-04-01,,LWA,YL,Libyan Wings,,,
air-lift-airline-v1,2020-10-01,,GBB,GE,Lift Airline,,,
air-linea-aerea-de-servicio-v1,,,LER,QL,Linea Aerea De Servicio,,,
air-linea-tristica-aereotuy-v1,1982-01-01,,TUY,,Línea Turística Aereotuy,,,
air-lineas-aereas-del-estado-v1,1940-01-01,,LDE,,LADE,,,
air-links-air-v1,1983-08-03,,LNQ,,Links Air,,,
air-lion-air-v1,2013-12-04,,TLM,SL,Thai Lion Air,,,
air-lion-airlines-v1,2000-06-30,,LNI,JT,Lion Air,,,
air-longjiang-airlines-v1,2016-08-01,,SNG,LT,Longjiang Airlines,,,
air-lot-v1,1929-01-01,,LOT,LO,LOT Polish Airlines,Star Alliance,Member,
air-lucky-air-v1,2004-07-01,,LKE,8L,Lucky Air,,,
air-lufthansa-cargo-v1,1977-01-01,,GEC,LH,Lufthansa Cargo,,,C
air-lufthansa-city-airlines-gmbh-v1,2022-01-01,,VIM,VL,Lufthansa City Airlines GmbH,,,
air-lufthansa-cityline-v1,1958-01-01,,CLH,CL,Lufthansa CityLine,Star Alliance,Affiliate,
air-lufthansa-v1,1955-01-01,,DLH,LH,Lufthansa,Star Alliance,Member,P
air-lugansk-airlines-v1,,,LHS,L7,Lugansk Airlines,,,
air-luxair-v1,,,LGL,LG,Luxair,,,
air-luxwing-ltd-v1,,,LWG,BN,Luxwing Ltd,,,
air-lydd-air-v1,1997-01-01,,LYD,,LyddAir,,,
air-macair-jet-v2,2015-01-01,2019-06-01,MCJ,A0,Macair Jet,,,
air-magnum-air-v1,2012-12-14,,MSJ,M8,SKYJET Airlines,,,
air-mahan-airlines-v1,,,IRM,W5,Mahan Airlines,,,
air-malawian-airlines-v1,2014-01-31,,MWI,3W,Malawian Airlines,,,
air-malaysia-airlines-v1,1972-10-01,,MAS,MH,Malaysia Airlines,OneWorld,Member,
air-malmo-aviation-v2,2016-03-01,,BRA,TF,BRA,,,P
air-malta-air-v1,2019-06-09,,MAY,MW,Malta Air,,,
air-mandarin-airlines-v1,,,MDA,AE,Mandarin Airlines,Skyteam,Affiliate,
air-mango-v1,2006-01-01,,MNO,JE,Mango,,,
air-mann-yadanarpon-v1,2014-02-01,,MYP,7Y,Mann Yadanarpon Airlines,,,
air-manta-air-v1,2019-02-01,,MAV,NR,Manta Air,,,
air-martinair-v1,,,MPH,MP,Martinair,,,
air-maswings-v1,2007-10-01,,MWG,MY,MASwings,,,
air-max-air-v1,,,NGL,VM,Max Air,,,
air-maya-island-air-v2,2016-09-01,,MYD,2M,Maya Island Air,,,
air-mayair-v1,,,MYI,7M,Mayair,,,
air-med-view-airline-v1,2007-01-01,1989-12-31,MEV,VL,Med-View Airline,,,
air-mesa-airlines-v1,1980-10-12,,ASH,YV,Mesa Airlines,,,
air-mesaba-airlines-v1,2014-06-17,,TAX,XJ,Thai AirAsia X,,,
air-miami-air-international-v1,1991-10-01,2020-05-01,BSK,LL,Miami Air International,,,
air-miami-air-lease-v1,1971-01-01,,MGD,MG,Miami Air Lease,,,
air-miat-mongolian-airlines-v1,,,MGL,OM,Miat Mongolian Airlines,,,
air-mid-africa-aviation-v1,2014-01-01,,MFG,8G,Mid Africa Aviation,,,
air-middle-east-airlines-v1,,,MEA,ME,Middle East Airlines,Skyteam,Member,
air-mihin-lanka-v1,,,MLR,MJ,Mihin Lanka,,,
air-mirny-air-v1,2000-01-01,,DRU,6R,ALROSA,,,
air-mistral-air-v1,1981-01-01,,MSA,M4,Mistral Air,,,
air-mng-airlines-cargo-v1,,,MNB,MB,Mng Airlines Cargo,,,C
air-mokulele-flight-service-v1,1994-01-01,,MKL,,Mokulele Airlines,,,
air-monarch-airlines-v1,1968-04-05,2017-10-02,MON,ZB,Monarch Airlines,,,
air-montenegro-airlines-v1,,,MGX,YM,Montenegro Airlines,,,
air-montenegro-v1,2020-10-02,,MNE,4O,Air Montenegro,,,
air-montserrat-airways-v1,,,MNT,5M,Montserrat Airways,,,
air-myanmar-airways-v1,1946-01-01,,MMA,8M,Myanmar Airways International,,,
air-myanmar-utd-v1,1948-09-15,,UBA,UB,Myanmar National Airlines,,,
air-nam-air-v1,2013-12-11,,NIH,IN,NAM Air,,,
air-nasair-v1,2007-02-01,,KNE,XY,Flynas,,,
air-national-airlines-v1,,,MUA,N8,National Airlines,,,
air-national-airways-v1,,,NAE,9Y,National Airways,,,
air-national-jet-systems-v2,2009-03-01,,JTE,NC,Cobham Aviation Services Australia,OneWorld,Affiliate,
air-naysa-v1,1969-05-07,2018-01-01,NAY,ZN,Naysa,,,
air-neos-v1,2002-03-08,,NOS,NO,Neos,,,
air-nepal-airlines-v1,1958-01-01,,RNA,RA,Nepal Airlines,,,
air-nesma-airlines-company-v1,2016-08-01,,NSS,NA,Nesma Airlines,,,
air-nesma-airlines-v1,2010-07-18,,NMA,NE,Nesma Airlines,,,
air-netjets-aviation-v1,,,EJA,1I,Netjets Aviation,,,
air-netjets-europe-v1,,,NJE,1I,Netjets Europe,,,
air-new-england-airlines-v1,,,NEA,EJ,New England Airlines,,,
air-nextjet-v1,2002-01-01,,NTJ,2N,Nextjet,,,
air-niger-airlines-v1,2014-01-01,,NIN,6N,Niger Airlines,,,
air-nile-air-v1,,,NIA,NP,Nile Air,,,
air-nippon-cargo-airlines-v1,1985-01-01,,NCA,KZ,Nippon Cargo Airlines,,,
air-nokscoot-airlines-v1,2015-05-20,,NCT,XW,NokScoot,,,
air-nolinor-aviation-v1,1997-01-01,,NRL,N5,Nolinor Aviation,,,
air-nord-wind-v1,,,NWS,N4,Nord Wind,,,
air-nordavia-v1,,,AUL,5N,Jsc Nordavia,,,
air-nordic-regional-airlines-v1,2011-10-20,,WBA,N7,Nordic Regional Airlines,,,
air-nordica-estonia-v1,2015-11-01,,EST,EE,Nordica,,,
air-norse-atlantic-airways-v1,,,NBT,N0,Norse Atlantic Airways,,,
air-norse-atlantic-uk-v1,2023-03-26,,UBT,Z0,Norse Atlantic UK,,,
air-north-flying-v1,2014-01-01,,NFA,,North Flying,,,
air-northwest-airlines-v1,,2010-01-31,NWA,NW,Northwest Airlines,,,
air-northwestern-air-lease-v1,,,PLR,J3,Northwestern Air Lease,,,
air-norwegian-air-argentina-v1,2018-10-16,,NAA,DN,Norwegian Air Argentina,,,
air-norwegian-air-international-v1,2012-01-01,2021-10-31,IBK,D8,Norwegian Air International,,,
air-norwegian-air-shuttle-aoc-v1,2021-11-01,,NOZ,DY,Norwegian Air Shuttle AOC,,,
air-norwegian-air-shuttle-v1,1993-01-01,2021-10-31,NAX,DY,Norwegian Air Shuttle (NAS),,,
air-norwegian-air-sweden-aoc-v1,2021-11-01,,NSZ,D8,Norwegian Air Sweden AOC,,,
air-norwegian-air-uk-v1,2015-01-01,,NRS,DI,Norwegian Air UK,,,
air-norwegian-long-haul-v1,2012-01-01,,NLH,DU,Norwegian Long Haul,,,
air-nouvelair-v1,1990-03-21,,LBT,BJ,Nouvelair,,,
air-nova-airline-v1,2000-01-01,,NOV,O9,Nova Airways,,,
air-nova-airlines-northcoast-v1,1997-11-01,,NVR,N9,Novair,,,
air-novair-v1,,,NAI,NG,NovAir,,,
air-okapi-airlines-v1,,,HND,OI,Hinterland Aviation,,,
air-okay-airways-v1,,,OKA,BK,Okay Airways,,,
air-olympic-air-v1,2009-09-29,,OAL,OA,Olympic Air,Star Alliance,Affiliate,
air-oman-air-v1,1993-01-01,,OAS,WY,Oman Air,,,
air-omni-air-international-v1,1993-01-01,,OAE,OY,Omni Air International,,,
air-onur-air-v1,1992-04-14,,OHY,8Q,Onur Air,,,
air-openskies-v1,2008-03-01,2020-07-31,BOS,LV,OpenSkies,OneWorld,Affiliate,
air-orbest-v1,2007-01-01,,OBS,6O,Orbest,,,
air-orient-thai-airlines-v1,1995-01-01,,OEA,OX,Orient Thai Airlines,,,
air-oriental-air-bridge-v1,,,NGK,OC,Oriental Air Bridge,,,
air-our-airline-v1,1970-02-14,,RON,ON,Nauru Airlines,,,
air-overland-airways-v2,2016-01-01,,OLA,OF,Overland Airways,,,C
air-pacific-coastal-airlines-v1,,,PCO,8P,Pacific Coastal Airlines,,,
air-pacific-wings-v1,,,ANV,LW,Pacific Wings,,,
air-pakistan-airlines-v1,1955-01-10,,PIA,PK,Pakistan International Airlines (PIA),,,
air-pascan-aviation-v1,,,PSC,P6,Pascan Aviation,,,
air-passaredo-transportes-v1,2014-05-01,,PTB,2Z,Passaredo Transportes,,,P
air-pawa-dominicana-v1,2003-01-01,,PWD,7N,PAWA Dominicana,,,
air-peach-aviation-v1,,,APJ,MM,Peach Aviation,,,
air-pegasus-airlines-v1,1990-01-01,,PGT,PC,Pegasus Airlines,,,
air-pegasus-asia-v1,2006-01-01,,MBB,ZM,Pegasus Asia,,,
air-penair-v1,,,PEN,KS,Penair,,,
air-peoples-viennaline-v1,,,PEV,PE,Peoples Viennaline,,,
air-peruvian-air-lines-v1,2008-10-29,,PVN,P9,Peruvian Airlines,,,
air-petra-airlines-v1,,2018-04-01,PTR,9P,Air Arabia Jordan,,,
air-philippine-airlines-v1,1941-03-15,,PAL,PR,Philippine Airlines,,,
air-philippines-airasia-v1,,,APG,Z2,Philippines AirAsia,,,P
air-piedmont-airlines-v1,1955-01-01,,PDT,PT,Piedmont Airlines,,,
air-pison-airways-v1,,,LFM,3I,Pison Airways Ltd,,,
air-polar-air-cargo-v1,1993-01-01,,PAC,PO,Polar Air Cargo,,,
air-polar-airlines-v1,1997-01-01,,RKA,PI,Polar Airlines,,,P
air-polynesian-airlines-v1,1959-01-01,,PAO,OL,Polynesian Airlines,,,
air-porter-airlines-v1,2006-10-23,,POE,PD,Porter Airlines,,,
air-portugalia-v1,1988-01-01,,PGA,NI,Portugalia,,,
air-precision-air-v1,1993-01-01,,PRF,PW,Precision Air,,,
air-premia-v1,2017-07-17,,PAG,YP,Air Premia,,,
air-primera-air-nordic-v1,2015-04-01,,PRW,6F,Primera Air Nordic,,,
air-primera-air-scandinavia-v3,2009-01-01,,PRI,PF,Primera Air Scandinavia,,,
air-proflight-commuter-v1,,,PFZ,P0,Proflight Commuter,,,
air-provincial-airlines-v1,,,SPR,PB,Provincial Airlines,,,
air-psa-airlines-v1,1995-01-01,,JIA,OH,PSA Airlines,,,
air-pullmantur-air-v1,2003-06-23,,PLM,EB,Wamos Air,,,
air-qanot-sharq-airlines-v1,,,TBM,HH,Qanot Sharq,,,
air-qantas-v1,1921-03-01,,QFA,QF,Qantas,OneWorld,Member,
air-qatar-airways-v1,1994-01-20,,QTR,QR,Qatar Airways,OneWorld,Member,
air-qeshm-air-v1,,,IRQ,QB,Qeshm Air,,,
air-rainbow-airlines-v1,2015-11-01,,RAT,RT,Rainbow Airlines,,,
air-raya-airways-v1,1993-01-01,,RMY,TH,Raya Airways,,,
air-rayani-air-v1,2015-12-20,,RKT,RN,Rayani Air,,,
air-real-tonga-v1,2019-09-30,,RLT,R4,Real Tonga,,,
air-red-wings-airlines-v1,,,RWZ,WZ,Red Wings Airlines,,,
air-redemption-v1,,,RNE,2O,Redemption,,,
air-regent-airways-v1,2010-11-10,2020-03-01,RGE,RX,Regent Airways,,,
air-regional-air-services-v1,,,REG,8N,Regional Air Services,,,
air-regional-express-v1,2002-01-01,,RXA,ZL,Regional Express,,,
air-republic-airline-v1,1998-01-01,,MEP,YX,Republic Airline,,,
air-rossiya-airlines-v1,1992-01-01,,SDM,FV,Rossiya,,,
air-rotana-jet-v1,2011-04-18,,RJD,RG,Rotana Jet,,,
air-royal-air-charter-service-v1,2002-08-22,,RYL,RW,Royal Air Charter Service,,,
air-royal-air-force-v1,,2018-01-01,RFR,RR,Royal Air Force,,,
air-royal-air-maroc-express-v1,,2014-12-31,RXP,FN,Royal Air Maroc Express,OneWorld,Affiliate,
air-royal-air-maroc-v1,1957-01-01,,RAM,AT,Royal Air Maroc,OneWorld,Member,
air-royal-brunei-v1,,,RBA,BI,Royal Brunei,,,
air-royal-falcon-v1,,2014-07-10,RFJ,RL,Royal Falcon,,,
air-royal-jordanian-v1,1963-12-09,,RJA,RJ,Royal Jordanian,OneWorld,Member,
air-royal-wings-v1,1996-01-01,2015-12-01,RYW,RY,Royal Wings,,,
air-rusline-v1,1999-01-01,,RLU,7R,RusLine,,,
air-rutaca-airlines-v1,1974-01-01,,RUC,5R,RUTACA Airlines,,,
air-rwandair-express-v1,2003-04-27,,RWD,WB,Rwandair,,,
air-ryanair-v1,1985-07-08,,RYR,FR,Ryanair,,,
air-sabaidee-airways-v1,2012-07-01,,VGO,E3,New Gen Airways,,,
air-safair-v1,,,SFR,FA,Safair,,,
air-safi-airways-v1,,,SFW,4Q,Safi Airways,,,
air-saint-barth-commuter-v1,,,SBU,PV,Saint Barth Commuter,,,
air-salamair-v1,,,OMS,OV,SalamAir,,,
air-sansa-airlines-v1,1978-01-01,,LRS,RZ,SANSA Airlines,,,
air-santa-barbara-airlines-v1,1995-11-01,,BBR,S3,SBA Airlines,,,
air-sarit-airlines-v2,2004-07-01,,BDR,J4,Badr Airlines,,,
air-sat-airlines-v1,2013-12-08,,SHU,HZ,Aurora Airlines,,,
air-sata-air-acores-v1,1947-06-15,1990-12-31,RZO,SP,SATA Air Açores,,,
air-sata-v1,1991-01-01,,RZO,S4,SATA International,,,
air-satena-v1,1962-01-01,,NSE,9R,SATENA,,,
air-saudi-arabian-airlines-v1,1945-01-01,,SVA,SV,Saudia,Skyteam,Member,
air-saudi-gulf-airlines-v1,2016-09-01,,SGQ,6S,Saudi Gulf Airlines,,,
air-sayakhat-airlines-v1,,,SAH,W7,Sayakhat Airlines,,,
air-scandinavian-airlines-v1,1946-08-01,,SAS,SK,Scandinavian Airlines,Star Alliance,Member,
air-scat-airlines-v1,1997-01-01,,VSV,DV,SCAT Airlines,,,
air-scenic-airlines-v1,,,SCE,YR,Scenic Airlines,,,
air-scoot-v1,2012-06-04,,SCO,TR,Scoot,,,
air-seaborne-airlines-v1,1992-01-01,,SBS,BB,Seaborne Airlines,,,
air-seaport-airlines-v1,2008-06-05,,SQH,K5,SeaPort,,,P
air-serene-air-v1,2017-01-29,,SEP,ER,SereneAir,,,
air-servicios-aereos-andes-v1,2014-01-01,,AND,,Servicios Aéreos de los Andes,,,
air-servicios-aereos-profesionales-v1,,,PSV,5S,Servicios Aereos Profesionales,,,
air-severstal-aircompany-v1,,,SSF,D2,Severstal Air Company,,,
air-shaheen-air-v1,,2018-10-08,SAI,NL,Shaheen Air,,,
air-shandong-airlines-v1,1994-01-01,,CDG,SC,Shandong Airlines,,,
air-shanghai-airlines-v1,1985-01-01,,CSH,FM,Shanghai Airlines,Skyteam,Affiliate,
air-shenzhen-airlines-v1,1993-09-17,,CSZ,ZH,Shenzhen Airlines,Star Alliance,Member,
air-shirak-avia-airlines-v1,2022-07-14,,SHS,5G,Shirak Savia,,,
air-shuttle-america-v1,1995-01-01,,TCF,S5,Shuttle America,,,
air-siberia-airlines-v1,1992-05-01,,SBI,S7,Siberia Airlines,OneWorld,Member,
air-sichuan-airlines-v1,1988-01-01,,CSC,3U,Sichuan Airlines,,,
air-silk-way-airlines-v1,2001-01-01,2015-08-28,AZQ,ZP,Silk Way Airlines,,,
air-silkair-v1,1992-01-01,,SLK,MI,SilkAir,,,
air-silver-airways-v1,2010-01-01,,GFT,3M,Silver Airways,,,PC
air-singapore-airlines-v1,1947-05-01,,SIA,SQ,Singapore Airlines,Star Alliance,Member,
air-sky-airline-v1,2001-12-01,,SKU,H2,Sky Airline,,,
air-sky-bahamas-airlines-v1,,,SBM,Q7,Sky Bahamas Airlines,,,
air-sky-express-greece-v1,2005-07-01,,SEH,GQ,Sky Express,,,
air-sky-gabon-v1,2006-01-01,2019-12-31,SKG,GV,Sky Gabon,,,C
air-sky-lease-cargo-v1,1973-01-01,,KYE,GG,Sky Lease Cargo,,,
air-sky-mali-v1,,,FML,ML,Sky Mali,,,
air-sky-prime-charter-v1,,,SPD,UY,Sky Prime Charter,,,
air-sky-regional-airlines-v2,2016-05-01,,SKV,KV,Sky Regional Airlines,,,
air-sky-taxi-v1,2000-01-01,,IGA,TE,Sky Taxi,,,
air-sky-wings-asia-airlines-v1,2011-06-13,,SWM,ZA,Sky Angkor Airlines,,,
air-skyalps-v1,2021-06-17,,SWU,BQ,SkyAlps,,,
air-skyking-v1,1990-01-01,,SGB,6K,Songbird Airways,,,
air-skymark-airlines-v1,1998-09-19,,SKY,BC,Skymark Airlines,,,
air-skypower-express-airways-v1,1985-01-01,,EAN,NB,Skypower Express Airways,,,P
air-skytrans-regional-v1,,,SKP,QN,Skytrans Regional,,,P
air-skyup-airlines-v1,2018-05-21,,SQP,PQ,SkyUp Airlines,,,
air-skyward-express-v1,2016-08-01,,SEW,OW,Skyward Express,,,
air-skywest-airlines-v1,1972-01-01,,SKW,OO,SkyWest Airlines,,,
air-skywise-v1,2015-02-11,,SWZ,C9,Skywise,,,
air-skywork-airlines-v1,1983-01-01,,SRK,SX,SkyWork Airlines,,,
air-slok-air-v1,1996-09-01,2008-10-31,OKS,S0,Slok Air International,,,
air-smartlynx-airlines-v1,1993-01-01,,ART,6Y,SmartLynx Airlines,,,T
air-smartwings-v1,2008-01-01,,TVS,QS,Smartwings,,,
air-smokey-bay-air-v1,,,EIX,2E,Smokey Bay Air,,,
air-sol-lineas-aereas-v1,2005-01-01,2020-01-01,OLS,8R,Sol Líneas Aéreas,,,
air-solomon-airlines-v1,,,SOL,IE,Solomon Airlines,,,
air-somon-air-v1,2008-02-01,,SMR,SZ,Somon Air,,,P
air-sounds-air-v1,1986-01-01,,SDA,S8,Sounds Air,,,
air-south-african-airlink-v3,2011-01-01,,LNK,4Z,Airlink,,,
air-south-african-airways-v1,1934-02-01,,SAA,SA,South African Airways,Star Alliance,Member,
air-south-african-express-v1,1994-04-24,2020-04-28,EXY,XZ,South African Express,,,
air-south-airlines-v1,1999-04-19,,OTL,YG,South Airlines,,,
air-southern-air-v1,1998-10-01,,SOO,9S,Southern Air,,,
air-southern-airways-express-v1,2013-01-01,,FDY,9X,Southern Airways Express,,,
air-southwest-airlines-v1,1971-06-18,,SWA,WN,Southwest Airlines,,,P
air-spicejet-v1,2005-05-18,,SEJ,SG,SpiceJet,,,
air-spirit-airlines-v1,1980-01-01,,NKS,NK,Spirit Airlines,,,
air-spring-airlines-v1,2004-01-01,,CQH,9C,Spring Airlines,,,
air-sprintair-poland-v1,2008-01-01,,SRN,P8,SprintAir,,,
air-srilankan-airlines-v1,1979-09-01,,ALK,UL,SriLankan Airlines,OneWorld,Member,
air-sriwijaya-air-v1,2003-11-10,,SJY,SJ,Sriwijaya Air,,,
air-star-airways-v1,,,STB,4S,Star Airways,,,
air-star-east-airline-v1,2017-01-01,,SEK,4R,Star East Airline,,,
air-star-flyer-v1,2006-03-16,,SFJ,7G,StarFlyer,,,
air-star-peru-v1,1997-05-01,,SRU,2I,Star Perú,,,
air-starbow-v1,,,IKM,S9,Starbow,,,
air-starlux-airlines-v1,2019-11-01,,SJX,JX,STARLUX Airlines,,,
air-sterling-air-v1,1962-01-01,2008-10-29,SNB,NB,Sterling Airlines,,,
air-sterling-blue-v1,,2022-08-30,DEX,DM,Asian Air,,,
air-stp-airways-v1,,,STP,8F,STP Airways,,,
air-sudan-airways-v1,,,SUD,SD,Sudan Airways,,,
air-sun-air-of-scandinavia-v1,,,SUS,EZ,Sun Air of Scandinavia,OneWorld,Affiliate,
air-sun-country-v1,,,SCX,SY,Sun Country,,,
air-sun-express-v1,1989-01-01,,SXS,XQ,SunExpress,,,
air-sundair-v1,,,SDR,SR,SundAir,,,
air-sunrise-airways-v1,,,SNR,S6,Sunrise Airways,,,
air-sunwing-airlines-v1,,,SWG,WG,Sunwing Airlines,,,
air-super-air-jet-v1,2021-08-06,,SJV,IU,Super Air Jet,,,
air-surinam-airways-v1,,,SLM,PY,Surinam Airways,,,
air-swiftair-v1,1986-01-01,,SWT,WT,Swiftair,,,
air-swiss-airlines-v1,2002-01-01,,SWR,LX,Swiss International Air Lines,Star Alliance,Member,
air-swiss-global-air-lines-v1,2005-01-01,2018-04-19,SWU,LZ,Swiss Global Air Lines,,,
air-sylt-air-v1,,,AWU,7E,Sylt Air,,,
air-syphax-airlines-sa-v1,2012-04-29,2015-10-30,SYA,FS,Syphax Airlines,,,
air-syrian-arab-airlines-v1,,,SYR,RB,Syrian Arab Airlines,,,
air-taag-v1,,,DTA,DT,Taag,,,
air-taca-airlines-v1,1931-01-01,,TAI,TA,Avianca El Salvador,,,
air-taca-peru-v1,1999-07-01,2020-05-10,TPU,T0,Avianca Perú,,,
air-tacv-cabo-verde-airlines-v1,,,TCV,VR,Tacv Cabo Verde Airlines,,,
air-taf-linhas-aereas-v1,,,TSD,R9,TAF Linhas Aereas,,,
air-tailwind-hava-yollari-as-v1,,,TWI,TI,Tailwind Hava Yollari As,,,
air-tajik-air-v1,,,TJK,7J,Tajik Air,,,
air-tam-linhas-aereas-v1,1976-07-12,,TAM,JJ,LATAM Brasil,OneWorld,Member,
air-tam-mercosur-v1,1962-01-01,,LAP,PZ,LATAM Paraguay,,,
air-tame-linea-aerea-del-ecuador-v1,1962-12-17,,TAE,EQ,TAME,,,
air-tampa-cargo-v1,,,TPA,QT,Tampa Cargo,,,C
air-tanana-air-service-v1,,,TNR,4E,Tanana Air Service,,,
air-tandem-aero-v1,1998-01-01,,TDM,TQ,Tandem Aero,,,
air-tap-portugal-v1,1946-09-19,,TAP,TP,TAP Portugal,Star Alliance,Member,
air-tar-aerolineas-v1,2014-01-14,,LCT,YQ,TAR Aerolíneas,,,
air-tarco-air-v1,,,TRQ,3T,Tarco Air,,,
air-tarom-v1,1946-02-01,,ROT,RO,TAROM,Skyteam,Member,
air-tashi-air-v1,2011-12-07,,BTN,B3,Bhutan Airlines,,,P
air-tasmania-v1,1978-01-01,,ATM,,Airlines of Tasmania,,,
air-tassili-airlines-v1,1999-04-08,,DTH,SF,Tassili Airlines,,,
air-tata-sia-airlines-v1,2014-01-01,,VTI,UK,Vistara,,,
air-tchadia-airlines-v1,,,CDO,OT,Tchadia Airlines,,,
air-thai-airasia-v1,2003-12-08,,AIQ,FD,Thai AirAsia,,,
air-thai-airways-v1,1960-01-01,,THA,TG,Thai Airways,Star Alliance,Member,
air-thai-smile-airways-v1,2012-07-07,,THD,WE,Thai Smile Airways,,,
air-thai-vietjet-air-v1,2015-03-29,,TVJ,VZ,Thai Vietjet Air,,,
air-thomas-cook-airlines-v1,,,TCX,MT,Thomas Cook Airlines,,,
air-thomas-cook-belgium-v1,,2017-10-27,TCW,HQ,Thomas Cook Airlines Belgium,,,P
air-thomas-cook-eastland-v1,,,VKG,DK,Thomas Cook Airlines,,,
air-thomson-airways-v1,2004-01-01,2017-10-02,TOM,BY,Thomson Airways,,,
air-tianjin-airlines-v1,2007-01-01,,GCR,GS,Tianjin Airlines,,,
air-tibet-airlines-v3,2014-02-02,,TBA,TV,Tibet Airlines,,,
air-tica-air-international-v1,2014-01-01,,MDL,RI,Air Costa Rica,,,
air-tiger-air-australia-v1,2007-11-23,2012-06-04,TGW,TT,Tigerair Australia,,,
air-tiger-air-philippines-v1,1993-01-01,,SRQ,DG,Cebgo,,,
air-tiger-air-taiwan-v1,2014-09-26,,TTW,IT,Tigerair Taiwan,,,
air-tiger-air-v1,2003-12-12,2007-11-22,TGW,TR,Tigerair,,,
air-tikal-jets-airlines-v1,,,TKC,WU,Tikal Jets Airlines,,,
air-timbis-air-v1,2009-11-01,2025-12-17,TBS,2T,Timbis Air,,,
air-titan-airways-v1,,,AWC,ZT,Titan Airways,,,
air-tnt-airways-v1,,,TAY,3V,Tnt Airways,,,
air-trade-air-v1,1994-04-01,,TDR,C3,Trade Air,,,
air-tradewind-aviation-v1,2001-01-01,,GPD,TJ,Tradewind Aviation,,,
air-trans-air-congo-v1,,,TSG,Q8,Trans Air Congo,,,
air-trans-states-airlines-v1,1982-01-01,,LOF,AX,Trans States Airlines,OneWorld,Affiliate,
air-transaero-airlines-v1,1990-01-01,2015-10-26,TSO,UN,Transaero Airlines,,,
air-transair-v1,,,GTS,R2,Transair,,,
air-transasia-airways-v1,1951-05-21,2016-11-22,TNA,GE,TransAsia Airways,,,
air-transavia-airlines-v1,,,TRA,HV,Transavia Airlines,,,
air-transavia-france-v1,,,TVF,TO,Transavia France,,,
air-transnusa-aviation-v1,2005-08-04,,TNU,8B,TransNusa Air Services,,,
air-transportes-aereos-guatemaltecos-v1,1969-01-01,,TGU,5U,Transportes Aéreos Guatemaltecos,,,
air-transwest-air-v2,2000-01-01,2010-12-31,ABS,9T,Transwest Air,,,
air-travel-service-hungary-v1,2001-01-01,,TVL,7O,Travel Service Hungary,,,
air-travel-service-polska-v1,2012-05-01,,TVP,3Z,Travel Service Polska,,,T
air-travel-service-slovensko-v1,2010-01-01,,TVQ,6D,Travel Service Slovensko,,,T
air-tropic-air-v1,1979-01-01,,TOS,9N,Tropic Air,,,PC
air-tui-airways-v1,2017-10-02,,TOM,BY,TUI Airways,,,
air-tuifly-nordic-v1,,,BLX,6B,Tuifly Nordic,,,
air-tuifly-v1,2007-01-01,,TUI,X3,TUIfly,,,
air-tunisair-v1,,,TAR,TU,Tunisair,,,
air-turkish-airlines-v1,1933-05-20,,THY,TK,Turkish Airlines,Star Alliance,Member,
air-turkmenistan-airlines-v1,1992-01-01,,TUA,T5,Turkmenistan Airlines,,,
air-tus-airways-v1,2016-02-14,,CYF,U8,Tus Airways,,,
air-tway-air-v1,2010-09-01,,TWB,TW,T'way Air,,,
air-twin-jet-v1,2002-03-01,,TJT,T7,Twin Jet,,,
air-uganda-airlines-v2,2019-08-01,,UGD,UR,Uganda Airlines,,,
air-ukraine-airlines-v1,1992-10-01,,AUI,PS,Ukraine International Airlines,,,
air-ultra-air-v1,2022-02-23,2023-03-30,ULS,U0,Ultra Air,,,
air-um-air-v1,,,UKM,UF,Um Air,,,
air-uni-airways-v1,,,UIA,B7,Uni Airways,,,
air-united-airlines-v1,1931-03-28,,UAL,UA,United Airlines,Star Alliance,Member,
air-united-nigeria-airlines-v1,2021-02-01,,UNA,UN,United Nigeria Airlines Company Ltd,,,
air-ups-airlines-v1,1998-01-01,,UPS,5X,UPS Airlines,,,
air-ural-airlines-v1,,,SVR,U6,Ural Airlines,,,
air-us-airways-v1,1939-01-01,,AWE,US,US Airways,OneWorld,Affiliate,
air-us-helicopter-v1,,,UJX,UH,AtlasJet Ukraine,,,
air-usa-jet-airlines-v1,1994-01-01,2007-12-31,JUS,UJ,USA Jet Airlines,,,
air-utair-aviation-v1,1967-01-01,,UTA,UT,UTair Aviation,,,
air-utair-ukraine-v1,2008-09-01,,UTN,QU,UTair Ukraine,,,
air-uzbekistan-airways-v1,,,UZB,HY,Uzbekistan Airways,,,
air-v-air-v1,2014-12-17,,VAX,ZV,V Air,,,
air-vanilla-air-v1,2012-08-01,,VNL,JW,Vanilla Air,,,
air-viaair-v1,2014-01-01,,SRY,VC,ViaAir,,,
air-vieques-air-link-v1,1965-01-01,,VES,V4,Vieques Air Link,,,
air-vietjet-aviation-v1,2011-12-25,,VJC,VJ,VietJet Air,,,
air-vietnam-air-service-v2,2016-05-01,,VFC,0V,Vietnam Air Services Company,,,
air-vietnam-airlines-v1,1956-01-01,,HVN,VN,Vietnam Airlines,Skyteam,Member,
air-villa-air-v1,,,VQI,VP,Villa Air,,,
air-vim-airlines-v1,2000-01-01,,MOV,NN,Vim Airlines,,,
air-virgin-america-v1,2007-08-08,2018-04-24,VRD,VX,Virgin America,,,
air-virgin-atlantic-v1,1984-06-22,,VIR,VS,Virgin Atlantic,Skyteam,Member,
air-virgin-australia-v2,2013-01-01,,VOZ,VA,Virgin Australia,,,
air-vision-airlines-v1,,,RBY,V2,Vision Airlines,,,
air-viva-aerobus-v1,2025-10-01,,VIV,VB,Viva Aerobus,,,
air-viva-air-peru-v1,2017-05-09,,VPE,VV,Viva Airlines Peru,,,
air-viva-colombia-v2,2018-01-01,,VVC,VH,Viva Air Colombia,,,
air-vladivostok-air-v1,,,VLK,XF,Vladivostok Air,,,
air-vlm-airlines-slovenia-v1,2017-07-01,,WLM,VO,VLM Airlines Slovenia,,,
air-vlm-airlines-v1,2017-10-01,,VLM,VG,VLM Airlines,,,
air-volaris-costarica-airlines-v1,2016-11-01,,VOC,Q6,Volaris CostaRica,,,
air-volaris-v1,2005-01-01,,VOI,Y4,Volaris,,,
air-volotea-v1,2012-03-01,,VOE,V7,Volotea,,,
air-vueling-airlines-v1,2004-01-01,,VLG,VY,Vueling,,,
air-vuelos-economicos-v1,,,VAR,VU,Vuelos Economicos,,,
air-warbelows-air-ventures-v1,,,VNA,4W,Warbelows Air Ventures,,,
air-wasaya-airways-v2,2014-09-01,,WSG,,Wasaya Airways,,,
air-west-wind-aviation-v1,1983-01-01,,WEW,,West Wind Aviation,,,
air-western-global-v1,2013-03-06,,WGN,KD,Western Global Airlines,,,
air-westjet-encore-v1,2013-06-24,,WEN,WR,WestJet Encore,,,
air-westjet-v1,1996-02-29,,WJA,WS,WestJet,,,
air-white-airways-v1,2005-01-01,,WHT,WI,White Airways,,,
air-wideroe-v1,1934-02-19,,WIF,WF,Widerøe,,,
air-wind-rose-aviation-v1,,,WRC,7W,Wind Rose Aviation,,,
air-windward-island-airways-v1,,,WIA,WM,Windward Island Airways,,,
air-wings-abadi-airlines-v1,2003-01-01,,WON,IW,Wings Air,,,
air-wizz-air-abu-dhabi-v1,2020-11-01,,WAZ,5W,Wizz Air Abu Dhabi,,,
air-wizz-air-hungary-v1,2003-09-01,,WZZ,W6,Wizz Air,,,
air-wizz-malta-v1,2003-09-01,,WMT,W4,Wizz Air Malta,,,
air-world-2-fly--s-l-v1,,,WFL,2W,"World 2 Fly, S.L",,,
air-world-2-fly-portugal-v1,,,WPT,3P,World 2 Fly Portugal,,,
air-world-airways-v1,,,WOA,WO,World Airways,,,
air-wright-air-services-v1,1967-01-01,1999-12-31,WRF,8V,Wright Air Services,,,P
air-xiamen-airlines-v1,1984-07-25,,CXA,MF,XiamenAir,Skyteam,Member,
air-xpressair-v1,2003-01-01,,XAR,XN,XpressAir,,,
air-xtra-airways-v1,,,CXP,XP,Xtra Airways,,,
air-yakutia-airlines-v1,2002-01-01,,SYL,R3,Yakutia Airlines,,,
air-yamal-airlines-v1,,,LLM,YC,Yamal Airlines,,,
air-yangon-airways-v1,,,AYG,YH,Yangon Airways,,,
air-yangtze-river-express-v1,2003-01-15,,YZR,Y8,Yangtze River Express,,,
air-yemen-airways-v1,,,IYE,IY,Yemen Airways,,,
air-yeti-airlines-v1,1998-08-17,,NYT,YT,Yeti Airlines,,,
air-ygnus-air-v1,,2022-11-14,RGN,Y2,Ygnus Air,,,
air-yunnan-hongtu-airlines-v1,2016-01-01,,HTU,A6,Yunnan Hongtu Airline,,,
air-yute-air-alaska-v1,1950-01-01,2017-03-04,TUD,4Y,Flight Alaska,,,PT
air-zagros-air-v1,2005-10-01,,GZQ,Z4,Zagrosjet,,,
air-zambezi-airlines-v1,,,ZMA,ZJ,Zambezi Airlines,,,
air-zambia-airways-v1,1964-04-01,,AZB,ZN,Zambia Airways,,,
air-zanair-v1,,,TAN,B4,Zanair,,,
air-zestair-v1,1995-09-01,2015-12-06,EZD,Z2,AirAsia Zest,,,P
air-zhejiang-loong-airlines-v1,2013-12-29,,CDC,GJ,Zhejiang Loong Airlines,,,
air-zimex-aviation-v1,,,IMX,XM,Zimex Aviation,,,
gds-amadeus-v1,1987-01-01,,AGT,1A,Amadeus,,,G
gds-infini-travel-v1,,,TTF,1F,Infini Travel Information,,,G
gds-lufthansa-systems-v1,,,LSY,S1,Lufthansa Systems,,,G
gds-sita-v1,,,SIT,XS,SITA,,,G
gds-worldspan-v1,,,WSP,1P,Travelport Worldspan,,,G
tec-arc-reporting-v1,,,ATA,X6,Airlines Reporting Corp,,,
tec-fantasia-v1,,,APD,1Z,Fantasia Info Network,,,
trn-deutsche-bahn-v1,,,DBB,2A,Deutsche Bahn,,,R
trn-via-rail-canada-inc-v1,1977-01-01,,VRR,2R,VIA Rail Canada,,,R
